,art,intensity_std,intensity_mean,mod_std,mod_mean,phase_life_std,phase_life_mean,mod_life_std,mod_life_mean
0,Ahorn,0.20376944541931152,2.3428359031677246,0.007147002499550581,0.913160502910614,0.04650234058499336,1.9012210369110107,0.11133303493261337,2.366726875305176
1,Ahorn,0.37137603759765625,2.420315980911255,0.007301387842744589,0.9117226600646973,0.0571717731654644,1.9056884050369263,0.11324353516101837,2.3891091346740723
2,Ahorn,0.2951376140117645,2.388786554336548,0.0075517259538173676,0.907809853553772,0.06382904201745987,1.932796835899353,0.11570272594690323,2.4495608806610107
3,Ahorn,0.32900458574295044,2.1865618228912354,0.007817440666258335,0.911359965801239,0.06554640084505081,1.9009995460510254,0.12096234411001205,2.3945722579956055
4,Buche,0.04988892376422882,0.6640524864196777,0.010725479573011398,0.9061607122421265,0.06652598828077316,1.8178318738937378,0.16055092215538025,2.473923444747925
5,Buche,0.08560687303543091,0.6182752251625061,0.01243570726364851,0.9138684868812561,0.0897679552435875,1.683148741722107,0.18910178542137146,2.3535284996032715
6,Buche,0.11855757981538773,0.6475604772567749,0.012250213883817196,0.9133983850479126,0.11010334640741348,1.7151541709899902,0.18842847645282745,2.360830068588257
7,Buche,0.09302768856287003,0.5608938336372375,0.014194811694324017,0.913554847240448,0.12266644090414047,1.6487518548965454,0.21567514538764954,2.357433319091797
8,Eiche,0.15427044034004211,0.6593193411827087,0.01421608217060566,0.9438990354537964,0.11101919412612915,1.3514713048934937,0.2494092583656311,1.8457162380218506
9,Eiche,0.13577650487422943,0.6512612700462341,0.014571820385754108,0.9416806697845459,0.1133958250284195,1.3630571365356445,0.25494998693466187,1.885252594947815
10,Eiche,0.09424424171447754,0.6906257271766663,0.012183940969407558,0.9428184032440186,0.08691894263029099,1.3573894500732422,0.2107623964548111,1.8683772087097168
11,Eiche,0.10946638137102127,0.6188183426856995,0.01675550639629364,0.9483232498168945,0.11298247426748276,1.312290906906128,0.3081882894039154,1.7575621604919434
12,Fichte,0.16513016819953918,1.4684333801269531,0.008534765802323818,0.912425696849823,0.03998439386487007,1.845713496208191,0.13172784447669983,2.377746105194092
13,Fichte,0.19295479357242584,1.591062068939209,0.007795833982527256,0.9113466143608093,0.04948050528764725,1.8458434343338013,0.12034877389669418,2.394813299179077
14,Fichte,0.19138363003730774,1.6227946281433105,0.00774245522916317,0.9112377762794495,0.04414600133895874,1.8517118692398071,0.1194341704249382,2.39652419090271
15,Fichte,0.1438581347465515,1.6257330179214478,0.007336486596614122,0.9171313643455505,0.04680316895246506,1.7927770614624023,0.11541849374771118,2.304147481918335
16,Kiefer,0.22382491827011108,3.0276761054992676,0.010504291392862797,0.9203992486000061,0.05841372534632683,1.8444253206253052,0.1685618907213211,2.250190019607544
17,Kiefer,0.30612221360206604,2.4973671436309814,0.008378316648304462,0.9098249673843384,0.07301456481218338,1.9501674175262451,0.12919770181179047,2.418165683746338
18,Kiefer,0.26137039065361023,2.257024049758911,0.009377430193126202,0.9208320379257202,0.0859554260969162,1.7951761484146118,0.15039193630218506,2.243948221206665
19,Kiefer,0.3346768915653229,2.223414421081543,0.010148856788873672,0.9059402346611023,0.08163808286190033,1.953381061553955,0.15379363298416138,2.4773266315460205
20,Laerche,0.10286170989274979,1.5853840112686157,0.008400465361773968,0.9479820132255554,0.04545976221561432,1.593160629272461,0.15422828495502472,1.7768887281417847
21,Laerche,0.1579621583223343,1.75411057472229,0.008381766267120838,0.9491404891014099,0.05512087419629097,1.5620453357696533,0.15563708543777466,1.7550956010818481
22,Laerche,0.16689430177211761,1.8154877424240112,0.008231938816606998,0.9476301074028015,0.041911039501428604,1.5996832847595215,0.1507996916770935,1.783617615699768
23,Laerche,0.13998956978321075,1.6729434728622437,0.008554697036743164,0.9536842703819275,0.03655143827199936,1.5024402141571045,0.16416598856449127,1.6675931215286255
24,Eiche,0.07943294197320938,0.2937648594379425,0.023279385641217232,0.9217666387557983,0.21055996417999268,1.4218285083770752,0.7316437363624573,2.2251639366149902
25,Eiche,0.033010005950927734,0.3614858090877533,0.020686710253357887,0.9139435291290283,0.0879553034901619,1.5696874856948853,0.3045039474964142,2.3484086990356445
26,Eiche,0.038233015686273575,0.3761541545391083,0.02073293924331665,0.9186914563179016,0.10572181642055511,1.5437895059585571,0.3099667429924011,2.272535800933838
27,Eiche,0.038216542452573776,0.45266851782798767,0.022210540249943733,0.9141334295272827,0.07305438816547394,1.6225768327713013,0.3327123820781708,2.344965934753418
28,Eiche,0.0453629232943058,0.31486302614212036,0.021241363137960434,0.9201920032501221,0.09685684740543365,1.4541409015655518,0.6499335169792175,2.2493765354156494
29,Eiche,0.04368393495678902,0.29100534319877625,0.017875980585813522,0.9488014578819275,0.09258637577295303,1.3412576913833618,0.6351718306541443,1.7566629648208618
30,Eiche,0.03734397143125534,0.32717689871788025,0.01787782646715641,0.9475916028022766,0.06372040510177612,1.368799090385437,0.5501517057418823,1.7765713930130005
31,Eiche,0.03377077728509903,0.22239439189434052,0.02120368927717209,0.952309787273407,0.07937698066234589,1.2112691402435303,0.7296888828277588,1.6891546249389648
32,Eiche,0.05281379818916321,0.3218763470649719,0.019096337258815765,0.9432877898216248,0.07053496688604355,1.4075114727020264,0.5544915199279785,1.855595588684082
33,Eiche,0.039052464067935944,0.22781333327293396,0.02072986215353012,0.9491874575614929,0.0704006627202034,1.2753868103027344,0.722027063369751,1.7509874105453491
34,Eiche,0.046166591346263885,0.29955267906188965,0.018024863675236702,0.9109176397323608,0.06881365180015564,1.7045490741729736,0.5272831916809082,2.399515151977539
35,Eiche,0.0229968149214983,0.3346151113510132,0.017189564183354378,0.9110172986984253,0.06528680771589279,1.728331208229065,0.2461576610803604,2.3968448638916016
36,Eiche,0.03312475606799126,0.2598620355129242,0.018820753321051598,0.9125193953514099,0.07061474025249481,1.6611937284469604,0.6223152875900269,2.375194787979126
37,Eiche,0.03788595274090767,0.3074973523616791,0.01928732730448246,0.9027509689331055,0.10065574198961258,1.787917137145996,0.2690400779247284,2.5233101844787598
38,Eiche,0.06838852912187576,0.31187283992767334,0.018524687737226486,0.9116808176040649,0.07374196499586105,1.6976453065872192,0.4170563519001007,2.3869051933288574
39,Eiche,0.02962464839220047,0.34839484095573425,0.02050947956740856,0.9196168184280396,0.07026810199022293,1.5164333581924438,0.3060125708580017,2.2576770782470703
40,Eiche,0.0375668928027153,0.30112501978874207,0.02140374854207039,0.9160239100456238,0.10604768991470337,1.4997502565383911,0.45169371366500854,2.3157637119293213
41,Eiche,0.03345184773206711,0.37180495262145996,0.02003801241517067,0.9107407927513123,0.07981670647859573,1.600213646888733,0.2927880883216858,2.3994266986846924
42,Eiche,0.03915005177259445,0.43094947934150696,0.022037379443645477,0.9129602909088135,0.07526388764381409,1.6314365863800049,0.32912203669548035,2.3631622791290283
43,Eiche,0.04113243520259857,0.14876975119113922,0.032142505049705505,0.961499035358429,0.1724492311477661,1.0882965326309204,1.5337857007980347,1.50584876537323
44,Eiche,0.03407765552401543,0.21692167222499847,0.0227795522660017,0.953260600566864,0.08484919369220734,1.2038832902908325,0.987115740776062,1.6727668046951294
45,Eiche,0.039258215576410294,0.29181674122810364,0.018483681604266167,0.9062348008155823,0.10094393789768219,1.7420907020568848,0.5277694463729858,2.471876382827759
46,Eiche,0.048192769289016724,0.31921014189720154,0.018101587891578674,0.9031011462211609,0.08622217923402786,1.799907922744751,0.528514564037323,2.5193958282470703
47,Eiche,0.025111021474003792,0.34996548295021057,0.020483439788222313,0.9142783284187317,0.06545881181955338,1.5744441747665405,0.30130934715270996,2.343186378479004
48,Eiche,0.021809017285704613,0.2805418074131012,0.021669480949640274,0.9224462509155273,0.06100832670927048,1.4226524829864502,0.5620573163032532,2.2124922275543213
49,Eiche,0.025402143597602844,0.34952282905578613,0.019797971472144127,0.9134567975997925,0.08038188517093658,1.5770370960235596,0.28910377621650696,2.3568825721740723
50,Eiche,0.04619781672954559,0.3224100172519684,0.019228454679250717,0.9209723472595215,0.09590111672878265,1.495609998703003,0.4336256980895996,2.237637519836426
51,Eiche,0.01991497538983822,0.2965050935745239,0.02132280543446541,0.9199565649032593,0.062407951802015305,1.4663828611373901,0.6498662829399109,2.2531538009643555
52,Eiche,0.02682090550661087,0.3156939148902893,0.020773177966475487,0.919506847858429,0.07608019560575485,1.4890998601913452,0.305278480052948,2.25974178314209
53,Eiche,0.02813475765287876,0.31348782777786255,0.02086770534515381,0.9172940850257874,0.07951377332210541,1.5112115144729614,0.3037593364715576,2.2954070568084717
54,Eiche,0.021948080509901047,0.32120591402053833,0.020869053900241852,0.9152045249938965,0.06044772267341614,1.537024736404419,0.30470871925354004,2.3284733295440674
55,Eiche,0.03388119116425514,0.31421658396720886,0.02121582254767418,0.9174190163612366,0.06057169288396835,1.5122661590576172,0.5589399933815002,2.2936573028564453
56,Eiche,0.04298032447695732,0.31194955110549927,0.021660059690475464,0.916255533695221,0.10961183160543442,1.5129772424697876,0.5610030889511108,2.3121771812438965
57,Eiche,0.03123599849641323,0.3147463798522949,0.021101828664541245,0.9195454716682434,0.07002465426921844,1.4684078693389893,0.5581865310668945,2.2596724033355713
58,Eiche,0.025193460285663605,0.3309674561023712,0.020677514374256134,0.9137964248657227,0.06242038682103157,1.5581172704696655,0.30110934376716614,2.3509302139282227
59,Eiche,0.0262917373329401,0.4148910939693451,0.020849641412496567,0.916467547416687,0.08282491564750671,1.5981910228729248,0.3127143383026123,2.308168411254883
60,Eiche,0.02685355208814144,0.3199481666088104,0.02064145915210247,0.9158989787101746,0.06453889608383179,1.5239894390106201,0.6449261903762817,2.318584680557251
61,Eiche,0.03209739550948143,0.3923088312149048,0.02082357369363308,0.9155042767524719,0.06500870734453201,1.5900415182113647,0.30969518423080444,2.3234686851501465
62,Eiche,0.030519459396600723,0.3894261121749878,0.020523307844996452,0.9178743958473206,0.07132000476121902,1.563538670539856,0.3076171576976776,2.2857842445373535
63,Eiche,0.03947630524635315,0.43020516633987427,0.021781375631690025,0.9146043658256531,0.08512324094772339,1.612995982170105,0.3257913589477539,2.337407112121582
64,Eiche,0.04637445509433746,0.3193950355052948,0.02180674485862255,0.9161036014556885,0.09185068309307098,1.5518646240234375,0.5632100701332092,2.314270257949829
65,Eiche,0.0428403802216053,0.31753993034362793,0.021007312461733818,0.9168367385864258,0.10757920145988464,1.5241200923919678,0.45034509897232056,2.302818536758423
66,Eiche,0.03037508763372898,0.2866630554199219,0.02195056900382042,0.9146651029586792,0.09615763276815414,1.5068237781524658,0.45628392696380615,2.3370444774627686
67,Eiche,0.03529961407184601,0.25735363364219666,0.01911284402012825,0.9458654522895813,0.08204331248998642,1.3239014148712158,0.5463024377822876,1.811316728591919
68,Eiche,0.0391894094645977,0.22608500719070435,0.022531606256961823,0.9487936496734619,0.10872560739517212,1.2557452917099,0.6612582802772522,1.7537481784820557
69,Eiche,0.044730786234140396,0.30479681491851807,0.01845354028046131,0.9456278085708618,0.06758082658052444,1.3645398616790771,0.5488656759262085,1.8139761686325073
70,Eiche,0.030986810103058815,0.33632874488830566,0.01741374097764492,0.9443134665489197,0.06486260890960693,1.398728609085083,0.5436031222343445,1.8383241891860962
71,Eiche,0.03937109559774399,0.22979611158370972,0.021838348358869553,0.9502203464508057,0.1219574585556984,1.274895429611206,0.658595621585846,1.7271531820297241
72,Eiche,0.05026281252503395,0.3035682439804077,0.0182762760668993,0.9439353346824646,0.0765412449836731,1.3757694959640503,0.5450735688209534,1.8458447456359863
73,Eiche,0.025428229942917824,0.3435021936893463,0.017513412982225418,0.944642186164856,0.05494238808751106,1.389255166053772,0.4348925054073334,1.8314193487167358
74,Eiche,0.05339069664478302,0.3598015308380127,0.017871152609586716,0.9427434802055359,0.0697648674249649,1.427473783493042,0.2862301170825958,1.8657069206237793
75,Eiche,0.04298001527786255,0.24136501550674438,0.020751673728227615,0.9461968541145325,0.09894825518131256,1.3062117099761963,0.726784348487854,1.8043736219406128
76,Eiche,0.0292119812220335,0.3491836488246918,0.020207777619361877,0.9156583547592163,0.06802757829427719,1.5595725774765015,0.44357743859291077,2.3219127655029297
77,Eiche,0.025719361379742622,0.2816922962665558,0.022018607705831528,0.9187484979629517,0.06113780289888382,1.455125331878662,0.5630173087120056,2.2722811698913574
78,Eiche,0.0392487496137619,0.2936236262321472,0.021359361708164215,0.92221599817276,0.1024584025144577,1.4389973878860474,0.454233318567276,2.2160279750823975
79,Eiche,0.13143229484558105,0.36792489886283875,0.019988199695944786,0.9167874455451965,0.1608414351940155,1.7491062879562378,0.5415232181549072,2.305994749069214
80,Eiche,0.048806384205818176,0.2860242426395416,0.018425816670060158,0.9062530398368835,0.074674591422081,1.749235987663269,0.5267937779426575,2.4718658924102783
81,Eiche,0.04180961847305298,0.2650187015533447,0.022194910794496536,0.9038143754005432,0.08358382433652878,1.6320894956588745,0.7213473320007324,2.508347272872925
82,Eiche,0.03299371153116226,0.3570740222930908,0.018142059445381165,0.9012331962585449,0.08796577155590057,1.7380787134170532,0.2535894215106964,2.546733856201172
83,Eiche,0.05783723667263985,0.35703179240226746,0.01785776950418949,0.8945143818855286,0.09371395409107208,1.8040592670440674,0.523715615272522,2.6489336490631104
84,Eiche,0.03300053998827934,0.37750929594039917,0.016442541033029556,0.8947843313217163,0.06341483443975449,1.8373007774353027,0.22676807641983032,2.6444146633148193
85,Eiche,0.04649489000439644,0.2876634895801544,0.020122911781072617,0.9061457514762878,0.07376261800527573,1.6291500329971313,0.5383651256561279,2.472615957260132
86,Eiche,0.023811034858226776,0.2863599956035614,0.021099664270877838,0.8914203643798828,0.1006474494934082,1.779665470123291,0.6367127895355225,2.6940348148345947
87,Eiche,0.03717777505517006,0.31831687688827515,0.019295362755656242,0.89570552110672,0.0883970856666565,1.7475372552871704,0.5333300232887268,2.630632162094116
88,Eiche,0.04024861007928848,0.47937753796577454,0.012774084694683552,0.9169512987136841,0.06732991337776184,1.657476544380188,0.18937860429286957,2.3051998615264893
89,Eiche,0.07490206509828568,0.5579656958580017,0.01240205205976963,0.9143831133842468,0.07365228980779648,1.7709238529205322,0.18647442758083344,2.3456778526306152
90,Eiche,0.05671107769012451,0.5680071711540222,0.012084227986633778,0.9069065451622009,0.05809101462364197,1.8580979108810425,0.1775437295436859,2.4621739387512207
91,Eiche,0.04082903265953064,0.5265481472015381,0.011704346165060997,0.9078046083450317,0.060485098510980606,1.8329888582229614,0.1713150441646576,2.448594093322754
92,Eiche,0.05174301937222481,0.49043992161750793,0.012929524295032024,0.9084928631782532,0.06517642736434937,1.7987476587295532,0.18892206251621246,2.4374942779541016
93,Eiche,0.04810857027769089,0.5350293517112732,0.012546549551188946,0.9194982647895813,0.05006416514515877,1.685921549797058,0.19009292125701904,2.2644307613372803
94,Eiche,0.031066158786416054,0.4040466248989105,0.014037046581506729,0.9137839078903198,0.0647205263376236,1.7022777795791626,0.20259703695774078,2.354950189590454
95,Eiche,0.06646227091550827,0.6525936126708984,0.011809425428509712,0.9095962643623352,0.056673672050237656,1.860939621925354,0.17741714417934418,2.420595645904541
96,Eiche,0.06566251069307327,0.45070648193359375,0.014289258047938347,0.9209024906158447,0.07405281811952591,1.618315577507019,0.21524517238140106,2.2409701347351074
97,Eiche,0.04366426542401314,0.4765496850013733,0.013278823345899582,0.9227097034454346,0.06816157698631287,1.6054900884628296,0.19997307658195496,2.212331771850586
98,Eiche,0.050761960446834564,0.4901844263076782,0.01305223535746336,0.930943489074707,0.05495121702551842,1.5336699485778809,0.20394772291183472,2.075996160507202
99,Eiche,0.05131248012185097,0.4341040551662445,0.01338975690305233,0.9135408401489258,0.0800725594162941,1.7011653184890747,0.19454321265220642,2.3589529991149902
100,Eiche,0.04717344790697098,0.4181568920612335,0.013540034182369709,0.9102141857147217,0.07179883122444153,1.718888759613037,0.19404102861881256,2.4109342098236084
101,Eiche,0.03769726678729057,0.42155253887176514,0.013985966332256794,0.9135710597038269,0.07110325247049332,1.6935023069381714,0.20217818021774292,2.3582115173339844
102,Eiche,0.04009464383125305,0.4647251069545746,0.013056873343884945,0.9112812280654907,0.07047908008098602,1.7521662712097168,0.19035495817661285,2.394298553466797
103,Eiche,0.04929431900382042,0.5302656888961792,0.012452112510800362,0.9104331135749817,0.05894805118441582,1.7911847829818726,0.18378621339797974,2.407560348510742
104,Laerche,0.06644654273986816,1.1830991506576538,0.0076303016394376755,0.9134781956672668,0.042190827429294586,1.9374096393585205,0.11863741278648376,2.3616175651550293
105,Laerche,0.15108773112297058,1.3407058715820312,0.007735935039818287,0.9133110642433167,0.049215689301490784,1.941677451133728,0.12239528447389603,2.3642327785491943
106,Laerche,0.10007202625274658,1.1213219165802002,0.008085283450782299,0.9130725264549255,0.041302379220724106,1.9363892078399658,0.12526445090770721,2.3678112030029297
107,Laerche,0.14632567763328552,1.3893630504608154,0.0077478704042732716,0.9129144549369812,0.04539518803358078,1.9529300928115845,0.12056463956832886,2.370375394821167
108,Laerche,0.13494184613227844,1.338927984237671,0.007496533915400505,0.9136434197425842,0.04482398182153702,1.9365475177764893,0.11671192198991776,2.3590681552886963
109,Laerche,0.16320189833641052,1.3960298299789429,0.0077623408287763596,0.9122124314308167,0.04786290228366852,1.9456034898757935,0.12002870440483093,2.3813531398773193
110,Laerche,0.10816140472888947,1.263048529624939,0.0076248724944889545,0.9155336022377014,0.04290096461772919,1.9384791851043701,0.11959710717201233,2.32930326461792
111,Laerche,0.10450387001037598,1.156680941581726,0.0079871891066432,0.9142313003540039,0.0484098419547081,1.9206604957580566,0.12389132380485535,2.3496999740600586
112,Laerche,0.06729994714260101,1.1621406078338623,0.007765783462673426,0.9131514430046082,0.039334580302238464,1.9363328218460083,0.12056876718997955,2.3666889667510986
113,Laerche,0.11245740950107574,1.183944821357727,0.007993020117282867,0.9128209352493286,0.04305648431181908,1.9419751167297363,0.12398730963468552,2.3717658519744873
114,Laerche,0.09039216488599777,1.2096725702285767,0.007723785936832428,0.914141833782196,0.040468454360961914,1.928301215171814,0.12048675864934921,2.351168155670166
115,Laerche,0.1196843832731247,1.2727831602096558,0.00781600084155798,0.9136558771133423,0.04014115780591965,1.9501978158950806,0.3505556583404541,2.3590779304504395
116,Laerche,0.11796871572732925,1.3201508522033691,0.007223578169941902,0.9159647226333618,0.04368513077497482,1.9355566501617432,0.11359965056180954,2.3226466178894043
117,Laerche,0.1125817522406578,1.336555004119873,0.007411296013742685,0.9155130386352539,0.04440535604953766,1.9407323598861694,0.11607697606086731,2.329716682434082
118,Laerche,0.156838059425354,1.4028325080871582,0.007536291144788265,0.912015974521637,0.04839682951569557,1.9580832719802856,0.11589997261762619,2.3845343589782715
119,Laerche,0.14298318326473236,1.3582473993301392,0.008208593353629112,0.9120137691497803,0.04517966881394386,1.9555672407150269,0.12678639590740204,2.3842883110046387
120,Laerche,0.11705288290977478,1.2784806489944458,0.00949439499527216,0.9001694321632385,0.044565681368112564,2.033127546310425,0.14198222756385803,2.5652353763580322
121,Laerche,0.05163745582103729,0.7250173091888428,0.013354654423892498,0.9030327796936035,0.04804111272096634,1.9306904077529907,0.1985383778810501,2.5205817222595215
122,Laerche,0.04760976508259773,0.6191452145576477,0.013475973159074783,0.9256355166435242,0.057057347148656845,1.6767139434814453,0.2128240466117859,2.163541316986084
123,Laerche,0.04812884330749512,0.7422959804534912,0.01348001230508089,0.9096184968948364,0.04899134114384651,1.8352675437927246,0.20438608527183533,2.419274091720581
124,Laerche,0.05177547410130501,0.7403307557106018,0.013659276999533176,0.9116643667221069,0.05193527415394783,1.8222699165344238,0.2085181176662445,2.387315273284912
125,Laerche,0.05301136150956154,0.711427628993988,0.013466885313391685,0.904891848564148,0.05082150921225548,1.9068052768707275,0.201022207736969,2.492158889770508
126,Laerche,0.09262401610612869,0.9165909886360168,0.012081284075975418,0.8869040012359619,0.051556192338466644,2.045842170715332,0.17500144243240356,2.7614102363586426
127,Laerche,0.07279931008815765,0.9062207341194153,0.011853691190481186,0.8876216411590576,0.049032654613256454,2.0378267765045166,0.17195552587509155,2.750967025756836
128,Laerche,0.07985582947731018,0.9291552305221558,0.01183545682579279,0.8864246010780334,0.048759251832962036,2.049180507659912,0.17114295065402985,2.7685129642486572
129,Laerche,0.12565433979034424,0.9030998349189758,0.012297158129513264,0.888903021812439,0.0688314214348793,2.0447235107421875,0.17872728407382965,2.732004404067993
130,Laerche,0.06020016223192215,0.6561954617500305,0.014365028589963913,0.9116703271865845,0.05303199216723442,1.7762187719345093,0.2170289158821106,2.386910915374756
131,Laerche,0.05759381875395775,0.6741273999214172,0.014324548654258251,0.907279908657074,0.05828259885311127,1.8129922151565552,0.21441300213336945,2.4550554752349854
132,Laerche,0.05545327067375183,0.6873921751976013,0.014011362567543983,0.9088698625564575,0.050140075385570526,1.8062281608581543,0.21076352894306183,2.430633544921875
133,Laerche,0.060033585876226425,0.6638270616531372,0.014001129195094109,0.9096552729606628,0.055779363960027695,1.8071751594543457,0.21033379435539246,2.4185259342193604
134,Laerche,0.06294447183609009,0.6620264649391174,0.0142974266782403,0.9088352918624878,0.05288522690534592,1.8031344413757324,0.214486226439476,2.4310505390167236
135,Laerche,0.11184899508953094,1.2642842531204224,0.009524378925561905,0.8984465599060059,0.04787915199995041,2.048077344894409,0.14147856831550598,2.5911548137664795
136,Laerche,0.1360481232404709,1.2028752565383911,0.009334245696663857,0.899958074092865,0.06186157092452049,2.0368990898132324,0.13961297273635864,2.5684738159179688
137,Laerche,0.08886606246232986,1.1241366863250732,0.01045927219092846,0.8993348479270935,0.045025426894426346,2.028442859649658,0.15593186020851135,2.5774810314178467
138,Laerche,0.0443255640566349,0.5707868337631226,0.052272189408540726,0.9226031303405762,0.05666666477918625,1.687401533126831,2.7745518684387207,2.234638214111328
139,Laerche,0.04043328016996384,0.8053816556930542,0.013819597661495209,0.8983936309814453,0.05249868705868721,1.9285573959350586,0.20445775985717773,2.590517044067383
140,Laerche,0.08850141614675522,0.9261001348495483,0.01142938807606697,0.889277994632721,0.05412505194544792,2.0481109619140625,0.1659555584192276,2.7267932891845703
141,Laerche,0.08756071329116821,0.8593103885650635,0.012189220637083054,0.8873167634010315,0.06018048897385597,2.0397205352783203,0.17638207972049713,2.7553515434265137
142,Laerche,0.04504995048046112,0.6712421178817749,0.014117870479822159,0.9119073152542114,0.04935520887374878,1.7823299169540405,0.2138911634683609,2.383287191390991
143,Laerche,0.02884007804095745,0.5408133268356323,0.015002120286226273,0.9082903861999512,0.04952174052596092,1.8167665004730225,0.22184835374355316,2.4393808841705322
144,Laerche,0.05303974449634552,0.6559252142906189,0.014296656474471092,0.9172459244728088,0.056637734174728394,1.7275582551956177,0.21988728642463684,2.2989017963409424
145,Laerche,0.1187024787068367,1.24782395362854,0.009453913196921349,0.8985369801521301,0.048501718789339066,2.049760580062866,0.14061394333839417,2.589817762374878
146,Laerche,0.13355183601379395,1.2586840391159058,0.009367694146931171,0.8987308740615845,0.05036779120564461,2.0491912364959717,0.13959798216819763,2.5869221687316895
147,Laerche,0.1639215499162674,1.2952055931091309,0.009700204245746136,0.8971459865570068,0.06008614972233772,2.056110143661499,0.14373643696308136,2.610574245452881
148,Laerche,0.10439030826091766,1.2156529426574707,0.009449240751564503,0.9013097882270813,0.051209982484579086,2.0310635566711426,0.14149489998817444,2.548060894012451
149,Laerche,0.07571426779031754,1.104684829711914,0.009648740291595459,0.9030836224555969,0.04866349697113037,2.0123820304870605,0.14510424435138702,2.521122932434082
150,Laerche,0.08363142609596252,1.0974537134170532,0.00974227674305439,0.9027761816978455,0.04908297210931778,2.0167620182037354,0.1459999531507492,2.5257787704467773
151,Laerche,0.0950639471411705,1.1594871282577515,0.009700658731162548,0.9011127352714539,0.05058557540178299,2.0325422286987305,0.14528977870941162,2.550940752029419
152,Laerche,0.08917791396379471,1.1309961080551147,0.009813551791012287,0.9016430377960205,0.049539726227521896,2.0274453163146973,0.14682729542255402,2.5429086685180664
153,Laerche,0.0960710197687149,1.0480772256851196,0.010286403819918633,0.8998069763183594,0.048283882439136505,2.038879156112671,0.15351678431034088,2.5704452991485596
154,Laerche,0.12684321403503418,1.099182367324829,0.010507470928132534,0.8986895084381104,0.05977969244122505,2.0263912677764893,0.1563633531332016,2.5871758460998535
155,Laerche,0.10237012058496475,1.1386559009552002,0.010159010998904705,0.8999997973442078,0.04721357673406601,2.037665367126465,0.15163183212280273,2.567580461502075
156,Laerche,0.05379099398851395,0.5306310057640076,0.01431960891932249,0.9216397404670715,0.06843384355306625,1.6904683113098145,0.21962860226631165,2.2286267280578613
157,Laerche,0.05412372574210167,0.5057995319366455,0.014903467148542404,0.9239770174026489,0.060514628887176514,1.664684772491455,0.23009036481380463,2.1901051998138428
158,Laerche,0.04225102812051773,0.731148898601532,0.013294786214828491,0.9034683704376221,0.04677962139248848,1.9283206462860107,0.19822996854782104,2.5139429569244385
159,Laerche,0.045251451432704926,0.4420663118362427,0.015379369258880615,0.9226398468017578,0.05586215853691101,1.6503210067749023,0.23310640454292297,2.2120096683502197
160,Laerche,0.04137737303972244,0.5524563789367676,0.0143599733710289,0.9107133150100708,0.04799249395728111,1.804871678352356,0.21472620964050293,2.402022361755371
161,Laerche,0.050907667726278305,0.6012958884239197,0.01393724326044321,0.9062880277633667,0.04760881885886192,1.8731318712234497,0.20734229683876038,2.470602512359619
162,Laerche,0.04827786237001419,0.6021813750267029,0.014014395885169506,0.9052910208702087,0.051103077828884125,1.8805742263793945,0.20751513540744781,2.4858875274658203
163,Laerche,0.04187450185418129,0.5947859883308411,0.01438533142209053,0.9046571254730225,0.05043565481901169,1.859184741973877,0.21248459815979004,2.4954354763031006
164,Laerche,0.07396403700113297,0.6555240750312805,0.014731704257428646,0.9004055261611938,0.06042991578578949,1.9106154441833496,0.2158193290233612,2.559976577758789
165,Laerche,0.14000128209590912,1.2939133644104004,0.00928321573883295,0.8995554447174072,0.049836333841085434,2.0404040813446045,0.13848958909511566,2.574559211730957
166,Laerche,0.06593568623065948,0.885964035987854,0.011661299504339695,0.8925911784172058,0.05109386891126633,1.9907805919647217,0.1698140949010849,2.677839517593384
167,Laerche,0.051755137741565704,0.7903940677642822,0.011860279366374016,0.8955734968185425,0.05348825827240944,1.973268985748291,0.17355111241340637,2.6334609985351562
168,Laerche,0.09900068491697311,0.7727422118186951,0.012566366232931614,0.8854989409446716,0.06446674466133118,2.0519847869873047,0.1798681765794754,2.7819297313690186
169,Laerche,0.06285648792982101,0.7478726506233215,0.01246466301381588,0.8922548294067383,0.055436186492443085,1.979461669921875,0.18119090795516968,2.6825790405273438
170,Laerche,0.06317735463380814,0.8358839750289917,0.012094405479729176,0.8921949863433838,0.04880794882774353,1.9925493001937866,0.17618823051452637,2.68355655670166
171,Laerche,0.06240440532565117,0.875334620475769,0.011865359731018543,0.8909376263618469,0.045957181602716446,2.005248546600342,0.17282165586948395,2.7021961212158203
172,Laerche,0.06494066119194031,0.8832438588142395,0.011719687841832638,0.8910685181617737,0.04467121139168739,2.014662504196167,0.1707376092672348,2.700300693511963
173,Laerche,0.052396323531866074,0.8391112685203552,0.01185547560453415,0.8914525508880615,0.04847882688045502,2.002636432647705,0.17243055999279022,2.694617986679077
174,Laerche,0.07667188346385956,0.7419335842132568,0.012785868719220161,0.8939345479011536,0.0727318525314331,1.97641921043396,0.18657496571540833,2.657517433166504
175,Laerche,0.07290856540203094,0.8052272796630859,0.012173216789960861,0.8919603824615479,0.05273011699318886,1.9809682369232178,0.1769385039806366,2.687030076980591
176,Laerche,0.04946516454219818,0.6162165999412537,0.014779260382056236,0.9204511046409607,0.058545246720314026,1.6800651550292969,0.2287074625492096,2.247180938720703
177,Laerche,0.056915607303380966,0.6278521418571472,0.01506561879068613,0.917654275894165,0.05507693439722061,1.7218127250671387,0.2309279441833496,2.291940689086914
178,Laerche,0.05686061829328537,0.5779715180397034,0.014785264618694782,0.9156889319419861,0.056129612028598785,1.7218725681304932,0.2242356836795807,2.323540449142456
179,Laerche,0.04599836841225624,0.6078895330429077,0.014844514429569244,0.9147266745567322,0.056345582008361816,1.728674054145813,0.22572989761829376,2.3386051654815674
180,Laerche,0.04847307875752449,0.6050957441329956,0.01460047997534275,0.9167953729629517,0.049255382269620895,1.707780122756958,0.2228034883737564,2.306002378463745
181,Laerche,0.057316575199365616,0.6816559433937073,0.013861327432096004,0.9099745750427246,0.04895700514316559,1.7922168970108032,0.20892827212810516,2.4135823249816895
182,Laerche,0.03536373749375343,0.47284841537475586,0.01609189435839653,0.9202860593795776,0.05513252317905426,1.6544342041015625,0.4087180495262146,2.249934673309326
183,Laerche,0.030912287533283234,0.5348027944564819,0.0151297552511096,0.909019410610199,0.0507577508687973,1.792309284210205,0.22401046752929688,2.4280569553375244
184,Ahorn,0.04390097036957741,0.5937042832374573,0.011751349084079266,0.9068812727928162,0.05972117930650711,1.7417521476745605,0.17726975679397583,2.462343215942383
185,Ahorn,0.054609667509794235,0.8230913281440735,0.011712156236171722,0.904297411441803,0.05786123126745224,1.9019505977630615,0.17461778223514557,2.502175807952881
186,Ahorn,0.06080835685133934,0.5628064274787903,0.011900404468178749,0.9093421101570129,0.06424791365861893,1.6899226903915405,0.18196514248847961,2.4241976737976074
187,Ahorn,0.05875200405716896,0.5446503162384033,0.010966694913804531,0.911969780921936,0.06698951125144958,1.657674789428711,0.1678611934185028,2.3838841915130615
188,Ahorn,0.04755423963069916,0.5823472738265991,0.011583413928747177,0.9079211354255676,0.06661389023065567,1.7121055126190186,0.17513874173164368,2.446420192718506
189,Ahorn,0.10292872786521912,0.7393242120742798,0.01200075913220644,0.9040255546569824,0.0632258728146553,1.8940212726593018,0.1793324500322342,2.5060973167419434
190,Ahorn,0.07450487464666367,0.5915258526802063,0.01213187538087368,0.9070032835006714,0.06281349062919617,1.7269563674926758,0.18318749964237213,2.4602932929992676
191,Ahorn,0.06951288133859634,0.632839560508728,0.013692157343029976,0.9093919992446899,0.06413065642118454,1.6987886428833008,0.20904715359210968,2.42246413230896
192,Ahorn,0.050467729568481445,0.6071735620498657,0.011103152297437191,0.9083570241928101,0.06220023334026337,1.7238010168075562,0.1688048243522644,2.4399170875549316
193,Ahorn,0.05538812279701233,0.8066419959068298,0.012152058072388172,0.9046768546104431,0.0665026381611824,1.9059908390045166,0.18163760006427765,2.4961390495300293
194,Ahorn,0.05548141896724701,0.4890451431274414,0.011602599173784256,0.9022490978240967,0.06040821596980095,1.7559964656829834,0.17256824672222137,2.533125877380371
195,Ahorn,0.04711077734827995,0.5389434099197388,0.011189413256943226,0.9033299684524536,0.07238111644983292,1.7787104845046997,0.16741320490837097,2.5168240070343018
196,Ahorn,0.04152100160717964,0.47152647376060486,0.011170251294970512,0.9013205766677856,0.08682086318731308,1.7736122608184814,0.16552215814590454,2.5473828315734863
197,Ahorn,0.04994380846619606,0.5705017447471619,0.011096437461674213,0.9065709710121155,0.05591725930571556,1.7387347221374512,0.16760875284671783,2.467339515686035
198,Ahorn,0.05029580742120743,0.5569034218788147,0.01166115514934063,0.9038653373718262,0.06463203579187393,1.7581523656845093,0.17504237592220306,2.5084593296051025
199,Ahorn,0.04265373572707176,0.5234293937683105,0.010944535955786705,0.9032687544822693,0.07027864456176758,1.7650785446166992,0.16314826905727386,2.517909526824951
200,Ahorn,0.049075108021497726,0.50117027759552,0.011810798197984695,0.8989922404289246,0.0745786726474762,1.8123888969421387,0.17455606162548065,2.582213878631592
201,Ahorn,0.05357006564736366,0.5637558102607727,0.011316760443150997,0.9081963896751404,0.06395697593688965,1.7212655544281006,0.17164349555969238,2.4422173500061035
202,Ahorn,0.05203108862042427,0.6146795749664307,0.010896772146224976,0.900672972202301,0.061598896980285645,1.8086490631103516,0.1620352417230606,2.557251453399658
203,Ahorn,0.052194297313690186,0.5746046900749207,0.010878428816795349,0.9014918804168701,0.06419435143470764,1.7986938953399658,0.16217629611492157,2.5448429584503174
204,Ahorn,0.04499007388949394,0.48928016424179077,0.01138271950185299,0.8975569009780884,0.06875424832105637,1.7966002225875854,0.1676122546195984,2.603952646255493
205,Ahorn,0.05913413316011429,0.5851498246192932,0.010940656065940857,0.9009260535240173,0.06414911895990372,1.7968477010726929,0.16296705603599548,2.5533640384674072
206,Ahorn,0.04441625624895096,0.556821346282959,0.011070848442614079,0.9031992554664612,0.06541869044303894,1.7860480546951294,0.164838969707489,2.5189104080200195
207,Ahorn,0.047193437814712524,0.47384822368621826,0.01217955444008112,0.901263415813446,0.07568295300006866,1.7550969123840332,0.17971928417682648,2.5478479862213135
208,Ahorn,0.052937667816877365,0.60939621925354,0.010562141425907612,0.9017667770385742,0.06854702532291412,1.8283119201660156,0.15648850798606873,2.5408709049224854
209,Ahorn,0.06086988374590874,0.6328632235527039,0.010422696359455585,0.8975844383239746,0.05561302602291107,1.8859100341796875,0.15320071578025818,2.6038854122161865
210,Ahorn,0.06035682559013367,0.6175077557563782,0.01081008743494749,0.8980453610420227,0.061598293483257294,1.8763458728790283,0.15908946096897125,2.596846342086792
211,Ahorn,0.05277015641331673,0.5837197303771973,0.010475687682628632,0.8977766036987305,0.0604001022875309,1.874287724494934,0.15380756556987762,2.601001739501953
212,Ahorn,0.0645565614104271,0.6201122403144836,0.01094900444149971,0.8974100947380066,0.0802779272198677,1.878410816192627,0.16123588383197784,2.606301784515381
213,Ahorn,0.06631314754486084,0.559508204460144,0.011580144055187702,0.8990377187728882,0.0845668762922287,1.850964069366455,0.1710372418165207,2.581639289855957
214,Ahorn,0.06045559421181679,0.5901836156845093,0.010598410852253437,0.8961115479469299,0.061336107552051544,1.903760552406311,0.1547475904226303,2.625884532928467
215,Ahorn,0.06100432947278023,0.6110022664070129,0.010500186122953892,0.897118866443634,0.061372388154268265,1.8829803466796875,0.1547086089849472,2.610811471939087
216,Ahorn,0.060776129364967346,0.5883029699325562,0.010839983820915222,0.8981063365936279,0.08078157901763916,1.8187086582183838,0.15786288678646088,2.59599232673645
217,Ahorn,0.05464033782482147,0.5561891794204712,0.011081989854574203,0.9087055325508118,0.06925088167190552,1.6943466663360596,0.16813118755817413,2.4345407485961914
218,Ahorn,0.04536324739456177,0.5472222566604614,0.011111769825220108,0.9035214781761169,0.0547308474779129,1.7531169652938843,0.16633696854114532,2.513953685760498
219,Ahorn,0.038296885788440704,0.5268484950065613,0.011202932335436344,0.9027248024940491,0.07554977387189865,1.7537126541137695,0.16689567267894745,2.52606201171875
220,Ahorn,0.05378255248069763,0.5594602227210999,0.010967257432639599,0.896579921245575,0.0648493841290474,1.8341294527053833,0.15940654277801514,2.618807077407837
221,Ahorn,0.05061995983123779,0.4552035331726074,0.011150065809488297,0.9179704189300537,0.06453773379325867,1.5793054103851318,0.17195649445056915,2.2892398834228516
222,Ahorn,0.05726297199726105,0.4891127347946167,0.011066368781030178,0.9190206527709961,0.05858249217271805,1.571560025215149,0.17267321050167084,2.272416114807129
223,Ahorn,0.06572798639535904,0.5636849999427795,0.011859869584441185,0.91414475440979,0.06400497257709503,1.65159010887146,0.18316267430782318,2.349283456802368
224,Ahorn,0.06058163940906525,0.6582410931587219,0.020114731043577194,0.9085668325424194,0.0657060444355011,1.7610769271850586,2.472686290740967,2.454937696456909
225,Ahorn,0.06853973865509033,0.5909975171089172,0.011392232030630112,0.9083092212677002,0.06245943903923035,1.7087385654449463,0.1731051355600357,2.440518617630005
226,Ahorn,0.045944709330797195,0.49501997232437134,0.012160210870206356,0.8942083120346069,0.06860397756099701,1.840264081954956,0.17527759075164795,2.653754711151123
227,Ahorn,0.046933598816394806,0.4256715178489685,0.013072175905108452,0.9008645415306091,0.10232697427272797,1.734848141670227,0.18958516418933868,2.553692579269409
228,Ahorn,0.043509021401405334,0.5563415288925171,0.012046294286847115,0.8965256214141846,0.08936265856027603,1.8364231586456299,0.17614120244979858,2.619135856628418
229,Ahorn,0.0480470284819603,0.5272071957588196,0.011927147395908833,0.8995382785797119,0.07239896804094315,1.7884734869003296,0.17505183815956116,2.574028968811035
230,Ahorn,0.04545808210968971,0.5024745464324951,0.011677498929202557,0.8967174291610718,0.07300006598234177,1.810947060585022,0.16885243356227875,2.6165263652801514
231,Ahorn,0.054398514330387115,0.48096486926078796,0.012653856538236141,0.8966154456138611,0.08627864718437195,1.8012669086456299,0.18189667165279388,2.6177401542663574
232,Buche,0.08290217816829681,0.7023857831954956,0.011336801573634148,0.9304893612861633,0.06036154553294182,1.6503934860229492,0.1838485449552536,2.084057569503784
233,Buche,0.056173015385866165,0.44376370310783386,0.01268438994884491,0.9335645437240601,0.0767931342124939,1.5320167541503906,0.20466333627700806,2.0310287475585938
234,Buche,0.0811089426279068,0.5742698907852173,0.012742258608341217,0.940546989440918,0.05527232959866524,1.4853382110595703,0.21612951159477234,1.9084694385528564
235,Buche,0.10255569964647293,0.7806777954101562,0.01182649191468954,0.9337950348854065,0.08641457557678223,1.611333966255188,0.1952187567949295,2.0274293422698975
236,Buche,0.0807052031159401,0.7054411768913269,0.011675897054374218,0.932116687297821,0.08974441140890121,1.6143289804458618,0.19254036247730255,2.05608868598938
237,Buche,0.06402812898159027,0.4231797754764557,0.013699488714337349,0.9414161443710327,0.07630819827318192,1.4230034351348877,0.22948625683784485,1.8922531604766846
238,Buche,0.08333183825016022,0.6555507779121399,0.011906749568879604,0.9316415786743164,0.0749421939253807,1.6017131805419922,0.19498470425605774,2.0640509128570557
239,Buche,0.10136902332305908,0.5644395351409912,0.013307127170264721,0.929332435131073,0.05596660450100899,1.5965288877487183,0.21441686153411865,2.1018741130828857
240,Buche,0.10550533980131149,0.709705114364624,0.012722532264888287,0.924384593963623,0.05363677069544792,1.7081023454666138,0.20269586145877838,2.1843178272247314
241,Buche,0.08675048500299454,0.5586227178573608,0.012835201807320118,0.9315639734268188,0.07487091422080994,1.585158348083496,0.20901991426944733,2.0646331310272217
242,Buche,0.039581432938575745,0.3464035093784332,0.015760550275444984,0.9419072270393372,0.0699574202299118,1.3679664134979248,0.2617054283618927,1.8812006711959839
243,Buche,0.05130353197455406,0.29031407833099365,0.016279159113764763,0.9366937279701233,0.08085227757692337,1.390770673751831,0.41993486881256104,1.9743199348449707
244,Buche,0.0470193475484848,0.43578311800956726,0.013850482180714607,0.9358253479003906,0.05602074787020683,1.4797228574752808,0.2255297303199768,1.9909459352493286
245,Buche,0.04735468327999115,0.42133843898773193,0.013974793255329132,0.9391910433769226,0.0644763708114624,1.4439085721969604,0.23017148673534393,1.9318455457687378
246,Buche,0.05359060689806938,0.42241132259368896,0.014432374387979507,0.9374409317970276,0.07011082768440247,1.4530991315841675,0.2370561808347702,1.9620473384857178
247,Buche,0.04634620249271393,0.40171802043914795,0.014015736058354378,0.9325618147850037,0.0687326043844223,1.4808132648468018,0.22175857424736023,2.0473268032073975
248,Buche,0.05146537721157074,0.35039305686950684,0.015411223284900188,0.9333325624465942,0.06656500697135925,1.4568445682525635,0.24410754442214966,2.0329253673553467
249,Buche,0.04051488637924194,0.4131866991519928,0.014275186695158482,0.9372086524963379,0.0515546053647995,1.43901789188385,0.23331661522388458,1.9664037227630615
250,Buche,0.04151345044374466,0.3958524167537689,0.014733688905835152,0.9274230599403381,0.060369815677404404,1.5282002687454224,0.23055578768253326,2.133085012435913
251,Buche,0.06045201048254967,0.34663087129592896,0.015525946393609047,0.9243252277374268,0.10510316491127014,1.51670503616333,0.23429501056671143,2.1842219829559326
252,Buche,0.058630723506212234,0.45218613743782043,0.013824285939335823,0.9321836829185486,0.05843799561262131,1.5083059072494507,0.22093987464904785,2.0537619590759277
253,Buche,0.04825678840279579,0.42815861105918884,0.014294923283159733,0.9364189505577087,0.05189764127135277,1.4592270851135254,0.23100562393665314,1.9803922176361084
254,Buche,0.03928625211119652,0.3748117685317993,0.014720429666340351,0.9382019639015198,0.05956007167696953,1.4130780696868896,0.23941963911056519,1.9487583637237549
255,Buche,0.050564225763082504,0.39934617280960083,0.01600828766822815,0.9389104843139648,0.06364168971776962,1.4243496656417847,0.2606825828552246,1.935539960861206
256,Buche,0.08408898860216141,0.6423073410987854,0.014344404451549053,0.9264383912086487,0.06610514223575592,1.6632052659988403,0.22951287031173706,2.149257183074951
257,Buche,0.13160669803619385,0.7075735330581665,0.01368133258074522,0.927879273891449,0.07603339850902557,1.6684129238128662,0.21893206238746643,2.1259970664978027
258,Buche,0.11729522049427032,0.5307021737098694,0.014207541942596436,0.9240910410881042,0.07177019119262695,1.6339035034179688,0.22163422405719757,2.1884493827819824
259,Buche,0.0768602192401886,0.5052430629730225,0.013526598922908306,0.9206004738807678,0.06309769302606583,1.6976715326309204,0.20561650395393372,2.245889902114868
260,Buche,0.11773521453142166,0.7041186690330505,0.012917570769786835,0.9278234839439392,0.07404961436986923,1.6702121496200562,0.20667611062526703,2.1275453567504883
261,Buche,0.10873177647590637,0.7663353085517883,0.013740051537752151,0.9243483543395996,0.06912117451429367,1.6872141361236572,0.21684062480926514,2.1843421459198
262,Buche,0.08124341815710068,0.6740608811378479,0.013256464153528214,0.9328807592391968,0.05522248148918152,1.598610520362854,0.21715116500854492,2.0418179035186768
263,Buche,0.08589629083871841,0.6863812804222107,0.012739861384034157,0.9200347065925598,0.05667328089475632,1.7429168224334717,0.19822877645492554,2.2551779747009277
264,Buche,0.14411930739879608,0.817277193069458,0.014489768072962761,0.9213634133338928,0.06745870411396027,1.7293126583099365,0.2264862060546875,2.2324695587158203
265,Buche,0.08812884986400604,0.7142154574394226,0.011686626821756363,0.928131103515625,0.06337877362966537,1.68643319606781,0.18927603960037231,2.123164653778076
266,Buche,0.057428017258644104,0.29391658306121826,0.016274504363536835,0.9385342001914978,0.0966246947646141,1.3788412809371948,0.42151862382888794,1.9417932033538818
267,Buche,0.09872391074895859,0.42944082617759705,0.014434628188610077,0.9231079816818237,0.07970000803470612,1.5732475519180298,0.22104837000370026,2.2046406269073486
268,Buche,0.090030737221241,0.8338137269020081,0.012888800352811813,0.9225944876670837,0.05640380457043648,1.699535846710205,0.20263361930847168,2.213660955429077
269,Buche,0.07145553082227707,0.7025747299194336,0.012259465642273426,0.9249302744865417,0.05451815575361252,1.6745681762695312,0.1939208209514618,2.1759378910064697
270,Buche,0.09279026836156845,0.6023768186569214,0.013104771263897419,0.9188876748085022,0.06154150515794754,1.7369763851165771,0.20188061892986298,2.2734334468841553
271,Buche,0.11552558839321136,0.837584376335144,0.013499227352440357,0.9196145534515381,0.06494873762130737,1.7426425218582153,0.21016143262386322,2.2614476680755615
272,Buche,0.13335169851779938,0.7745993733406067,0.013348927721381187,0.9187883734703064,0.07933571934700012,1.7520967721939087,0.20592084527015686,2.2748916149139404
273,Buche,0.09628872573375702,0.6901035904884338,0.01269381120800972,0.9196270704269409,0.0543157197535038,1.7380791902542114,0.19765082001686096,2.2617547512054443
274,Buche,0.0763000026345253,0.5606628656387329,0.013369839638471603,0.9230300784111023,0.053895581513643265,1.6606661081314087,0.20863965153694153,2.206298351287842
275,Buche,0.08228103071451187,0.5734643936157227,0.011694652959704399,0.9383887052536011,0.05873910337686539,1.5494422912597656,0.19529835879802704,1.947943925857544
276,Buche,0.12472905218601227,0.6381645798683167,0.01225877646356821,0.9369053840637207,0.0815742239356041,1.5637729167938232,0.20335163176059723,1.9733302593231201
277,Buche,0.09476722031831741,0.5911886096000671,0.012044928967952728,0.93943852186203,0.07054552435874939,1.5230633020401,0.20189230144023895,1.9290515184402466
278,Buche,0.0819203108549118,0.5941572785377502,0.011716309934854507,0.9355072379112244,0.0729418620467186,1.5505143404006958,0.19299249351024628,1.9981955289840698
279,Buche,0.13595300912857056,0.5495322346687317,0.011826584115624428,0.9309330582618713,0.06665333360433578,1.6056984663009644,0.19128695130348206,2.076317071914673
280,Eiche,0.04574384540319443,0.35196295380592346,0.01733938232064247,0.9052159190177917,0.0660945251584053,1.670897364616394,0.24761971831321716,2.4859893321990967
281,Eiche,0.04183413088321686,0.359533429145813,0.017360718920826912,0.9289491176605225,0.07269757241010666,1.425032377243042,0.26892051100730896,2.1056125164031982
282,Eiche,0.03596615046262741,0.35678666830062866,0.019035493955016136,0.9191581606864929,0.07202067226171494,1.4633527994155884,0.28534242510795593,2.2653400897979736
283,Eiche,0.04891258478164673,0.5483074188232422,0.015570709481835365,0.8798980116844177,0.058746255934238434,1.894272804260254,0.22091364860534668,2.862579107284546
284,Eiche,0.03359127789735794,0.3790355324745178,0.01859935373067856,0.9193405508995056,0.08915656805038452,1.4631366729736328,0.28056076169013977,2.262601137161255
285,Eiche,0.06243957206606865,0.3679300546646118,0.020146114751696587,0.9184647798538208,0.09573537111282349,1.4437315464019775,0.3032590448856354,2.275446891784668
286,Eiche,0.03130323067307472,0.48176607489585876,0.017318693920969963,0.9036953449249268,0.05277075618505478,1.6527479887008667,0.25533315539360046,2.5085699558258057
287,Eiche,0.03752179443836212,0.4742657542228699,0.018147343769669533,0.9012105464935303,0.056478314101696014,1.6394963264465332,0.26538658142089844,2.546029806137085
288,Eiche,0.040943678468465805,0.5406740307807922,0.01712183840572834,0.8874266743659973,0.058482374995946884,1.8008688688278198,0.2451355904340744,2.7522449493408203
289,Eiche,0.03221243992447853,0.35769209265708923,0.022541169077157974,0.9079129695892334,0.07506000995635986,1.486372709274292,0.3305692970752716,2.4404430389404297
290,Eiche,0.035440005362033844,0.32914698123931885,0.02438904531300068,0.9039186239242554,0.07190261036157608,1.4693294763565063,0.35113194584846497,2.5013515949249268
291,Eiche,0.03956734389066696,0.37041565775871277,0.023686008527874947,0.9000397324562073,0.09176146239042282,1.4957635402679443,0.34271249175071716,2.5606565475463867
292,Eiche,0.04117486998438835,0.5006079077720642,0.02077202871441841,0.9004218578338623,0.061329931020736694,1.585740089416504,0.3048887252807617,2.5563323497772217
293,Eiche,0.02604071982204914,0.3174774646759033,0.027247978374361992,0.8934692740440369,0.07382258772850037,1.4876189231872559,0.3878107964992523,2.658153772354126
294,Eiche,0.0360243059694767,0.3768294155597687,0.025467511266469955,0.9017359018325806,0.10535088926553726,1.4406704902648926,0.37077799439430237,2.5334572792053223
295,Eiche,0.03007015399634838,0.4662299156188965,0.02204848639667034,0.893896222114563,0.06315957009792328,1.5831563472747803,0.31905099749565125,2.654041051864624
296,Eiche,0.02957330271601677,0.4442795217037201,0.023340953513979912,0.8915531039237976,0.060457877814769745,1.5873568058013916,0.33602315187454224,2.688366413116455
297,Eiche,0.028384385630488396,0.37550678849220276,0.026003796607255936,0.8827658295631409,0.07362399995326996,1.5972356796264648,0.3677714765071869,2.8171989917755127
298,Eiche,0.03903685882687569,0.4491184651851654,0.02412468194961548,0.8957722783088684,0.06203501299023628,1.52778959274292,0.34985995292663574,2.6247127056121826
299,Eiche,0.05955333635210991,0.3784048557281494,0.027127912268042564,0.8944141864776611,0.11652777343988419,1.4455960988998413,0.5106971263885498,2.643925189971924
300,Eiche,0.03129158169031143,0.43792012333869934,0.024888673797249794,0.8877031803131104,0.07922418415546417,1.5674065351486206,0.35661348700523376,2.7446486949920654
301,Eiche,0.04949403181672096,0.4236125946044922,0.025853265076875687,0.8862410187721252,0.09449262917041779,1.5871549844741821,0.36976972222328186,2.7658376693725586
302,Eiche,0.03559126332402229,0.49094879627227783,0.023513788357377052,0.8895787000656128,0.06065599247813225,1.5961054563522339,0.3382018208503723,2.7175729274749756
303,Eiche,0.03056197054684162,0.39546486735343933,0.02802826091647148,0.8898317217826843,0.07922431826591492,1.4880645275115967,0.4030400514602661,2.711280584335327
304,Eiche,0.035920608788728714,0.4869967997074127,0.021369976922869682,0.8980134129524231,0.07024572789669037,1.5889084339141846,0.3120480179786682,2.5924527645111084
305,Eiche,0.11285124719142914,0.3270849883556366,0.03625061735510826,0.8983874917030334,0.165748730301857,1.3454362154006958,0.6150360107421875,2.5796101093292236
306,Eiche,0.06781693547964096,0.41833436489105225,0.02492254227399826,0.9044284224510193,0.1233283281326294,1.4495772123336792,0.36494284868240356,2.492643117904663
307,Eiche,0.04549999535083771,0.48030343651771545,0.02047736942768097,0.9029331207275391,0.07548461109399796,1.5279914140701294,0.30072420835494995,2.518434524536133
308,Eiche,0.041502587497234344,0.42618539929389954,0.022552315145730972,0.9025228023529053,0.07295404374599457,1.5193111896514893,0.3294145464897156,2.523388385772705
309,Eiche,0.04003823548555374,0.418659508228302,0.02293250896036625,0.8903725743293762,0.06342842429876328,1.6113437414169312,0.32903143763542175,2.706183433532715
310,Eiche,0.10184168070554733,0.39221787452697754,0.026174532249569893,0.902549684047699,0.13980965316295624,1.4495431184768677,0.3814109265804291,2.520596504211426
311,Eiche,0.04227668419480324,0.5418661236763,0.018258556723594666,0.8917556405067444,0.08810800313949585,1.68555748462677,0.2630937099456787,2.687929391860962
312,Eiche,0.10696680098772049,0.27142348885536194,0.039251890033483505,0.8966715335845947,0.18725773692131042,1.3119524717330933,0.7947357296943665,2.605384349822998
313,Eiche,0.05488183721899986,0.36017197370529175,0.01709316112101078,0.9207422733306885,0.06515729427337646,1.5418426990509033,0.2559080123901367,2.241584539413452
314,Eiche,0.04068724066019058,0.3816804885864258,0.02287825383245945,0.9042739272117615,0.11381199955940247,1.4829978942871094,0.33350589871406555,2.4964985847473145
315,Eiche,0.07043571770191193,0.4826827049255371,0.023936325684189796,0.8837689757347107,0.12777940928936005,1.6332389116287231,0.34215283393859863,2.8029868602752686
316,Eiche,0.10005287081003189,0.3551798164844513,0.026986634358763695,0.8959839344024658,0.17729417979717255,1.506375789642334,0.6017662286758423,2.621748685836792
317,Eiche,0.044132646173238754,0.4258635640144348,0.021800819784402847,0.8996528387069702,0.09228231757879257,1.5862579345703125,0.31724244356155396,2.567517042160034
318,Eiche,0.10473237931728363,0.5403591990470886,0.02039341628551483,0.8777042627334595,0.12510094046592712,1.8162628412246704,1.989844799041748,2.9044172763824463
319,Eiche,0.07061450928449631,0.4678024351596832,0.021571144461631775,0.907560408115387,0.08870525658130646,1.518876075744629,0.3207632899284363,2.4460840225219727
320,Eiche,0.06126304715871811,0.3072465658187866,0.029880527406930923,0.9103290438652039,0.19333311915397644,1.3395088911056519,0.5469048023223877,2.3973350524902344
321,Eiche,0.03905029222369194,0.4310567080974579,0.020424099639058113,0.9041611552238464,0.0850253626704216,1.5545706748962402,0.3002049922943115,2.4995639324188232
322,Eiche,0.04661981016397476,0.3718402683734894,0.023577461019158363,0.9074071645736694,0.10014761239290237,1.478411078453064,0.34768176078796387,2.447333335876465
323,Eiche,0.042156949639320374,0.3713674247264862,0.016740746796131134,0.9307968020439148,0.10474342852830887,1.429604172706604,0.25925952196121216,2.0750865936279297
324,Eiche,0.049749474972486496,0.48328232765197754,0.01474682055413723,0.9171379208564758,0.059121448546648026,1.5709545612335205,0.22300153970718384,2.300586700439453
325,Eiche,0.04241336137056351,0.4656340777873993,0.014586346223950386,0.9292886257171631,0.057850658893585205,1.511892557144165,0.22934924066066742,2.1020989418029785
326,Eiche,0.052900902926921844,0.32719841599464417,0.018415022641420364,0.9293999075889587,0.07454134523868561,1.4338539838790894,0.28078529238700867,2.097527265548706
327,Eiche,0.05120148882269859,0.374614417552948,0.016428641974925995,0.9256342649459839,0.0682443305850029,1.5151190757751465,0.25007784366607666,2.1619346141815186
328,Fichte,0.09958869963884354,0.6624467968940735,0.014473731629550457,0.889087438583374,0.050580378621816635,1.9085338115692139,0.20901575684547424,2.7287025451660156
329,Fichte,0.0678933709859848,0.7290256023406982,0.014672442339360714,0.7720525860786438,0.10097953677177429,2.4491682052612305,0.20624791085720062,4.368309497833252
330,Fichte,0.0527610257267952,0.5985629558563232,0.014530320651829243,0.8868153095245361,0.06380679458379745,1.8534579277038574,0.208596333861351,2.762052536010742
331,Fichte,0.06771791726350784,0.6673790216445923,0.016370633617043495,0.8696715831756592,0.07277324795722961,1.961952805519104,0.23079830408096313,3.0091023445129395
332,Fichte,0.09519033879041672,0.6720712184906006,0.014401529915630817,0.8918784260749817,0.05848877876996994,1.9185962677001953,0.20901784300804138,2.6875035762786865
333,Fichte,0.07229248434305191,0.7935231924057007,0.01530847791582346,0.7930878400802612,0.06642992049455643,2.3149468898773193,0.21305100619792938,4.075127124786377
334,Fichte,0.1021164134144783,0.7227216958999634,0.016283294185996056,0.7724567651748657,0.1011691614985466,2.512288808822632,0.22828133404254913,4.362830638885498
335,Fichte,0.05214952304959297,0.7634552121162415,0.013626039028167725,0.8848442435264587,0.048268549144268036,1.8886139392852783,0.19671599566936493,2.7910943031311035
336,Fichte,0.07620665431022644,0.6244502067565918,0.01455461885780096,0.8870933055877686,0.055579036474227905,1.9502874612808228,0.20928193628787994,2.757992744445801
337,Fichte,0.03783358633518219,0.44073373079299927,0.016696952283382416,0.8886995315551758,0.06859368830919266,1.8615092039108276,0.23740218579769135,2.733811140060425
338,Fichte,0.03169107437133789,0.5877590179443359,0.015860946848988533,0.7968975305557251,0.08072873204946518,2.3349449634552,0.21921898424625397,4.022407531738281
339,Fichte,0.040483128279447556,0.5560740828514099,0.015416854061186314,0.9167554378509521,0.05561699718236923,1.5491775274276733,0.2365780472755432,2.305924654006958
340,Fichte,0.04992862045764923,0.4654490649700165,0.01644166372716427,0.9144901633262634,0.07567386329174042,1.5927555561065674,0.24941059947013855,2.341299533843994
341,Fichte,0.029294880107045174,0.40991488099098206,0.021112650632858276,0.8851301074028015,0.12953050434589386,1.755887746810913,0.3004674017429352,2.784238815307617
342,Fichte,0.04192715138196945,0.534801185131073,0.015405428595840931,0.9108502864837646,0.05176572874188423,1.6520541906356812,0.23188403248786926,2.399120569229126
343,Fichte,0.02654183655977249,0.38617342710494995,0.018615545704960823,0.8931886553764343,0.09071740508079529,1.6863744258880615,0.26459962129592896,2.6666903495788574
344,Fichte,0.0516679622232914,0.541685163974762,0.01480899192392826,0.8804981708526611,0.05737443268299103,1.9525175094604492,0.20921938121318817,2.8541181087493896
345,Fichte,0.041565943509340286,0.6248980760574341,0.014932197518646717,0.7980526089668274,0.07631456106901169,2.3221330642700195,0.2059934139251709,4.006325721740723
346,Fichte,0.038131456822156906,0.5169686079025269,0.01577814854681492,0.9183638691902161,0.05778229236602783,1.5345927476882935,0.24224735796451569,2.280033588409424
347,Fichte,0.03353457525372505,0.4337618052959442,0.01703006401658058,0.9304369688034058,0.0934285894036293,1.4020226001739502,0.2703772187232971,2.0803134441375732
348,Fichte,0.04668070748448372,0.658348023891449,0.01612321473658085,0.8825823664665222,0.05037200078368187,1.9169262647628784,0.23168635368347168,2.8231723308563232
349,Fichte,0.06414508819580078,0.4613608717918396,0.024942491203546524,0.8673035502433777,0.15372054278850555,1.8669904470443726,0.3535600006580353,3.0395495891571045
350,Fichte,0.03225771337747574,0.5060733556747437,0.015358706004917622,0.9221887588500977,0.08145888894796371,1.5136789083480835,0.2381746768951416,2.218635082244873
351,Fichte,0.05544748157262802,0.7253241539001465,0.013982878997921944,0.9062686562538147,0.04882635921239853,1.8039467334747314,0.21054740250110626,2.4706311225891113
352,Fichte,0.0896085724234581,0.6760868430137634,0.014114279299974442,0.8989875912666321,0.05644095316529274,1.8635817766189575,0.2080620378255844,2.5814244747161865
353,Fichte,0.06665743142366409,0.6798384189605713,0.014029287733137608,0.903862476348877,0.04874654486775398,1.8210105895996094,0.20920522511005402,2.5075418949127197
354,Fichte,0.1055687963962555,0.7439028024673462,0.013946868479251862,0.8917979001998901,0.05375800281763077,1.9698519706726074,0.20339787006378174,2.688802719116211
355,Fichte,0.0835939422249794,0.6488617658615112,0.015356763266026974,0.9017484784126282,0.06315488368272781,1.8269537687301636,0.22749069333076477,2.5390474796295166
356,Fichte,0.08136559277772903,0.6772425174713135,0.014109918847680092,0.899616003036499,0.05289304256439209,1.8689674139022827,0.2082837074995041,2.571955442428589
357,Fichte,0.07423950731754303,0.7586245536804199,0.013792255893349648,0.8971431851387024,0.05065927281975746,1.9051847457885742,0.203037828207016,2.6092302799224854
358,Fichte,0.06331085413694382,0.6740984916687012,0.01392916776239872,0.9082803130149841,0.0471915677189827,1.7695636749267578,0.20955151319503784,2.4397668838500977
359,Fichte,0.08113157749176025,0.737944483757019,0.013943837955594063,0.9005979299545288,0.053228508681058884,1.8464125394821167,0.20673111081123352,2.5571703910827637
360,Fichte,0.08509302884340286,0.7041528820991516,0.015529290772974491,0.9014042019844055,0.07504984736442566,1.8422023057937622,0.23071683943271637,2.544135808944702
361,Fichte,0.06500471383333206,0.6415050029754639,0.017035450786352158,0.7913241982460022,0.1021333634853363,2.3400137424468994,0.23604324460029602,4.099807262420654
362,Fichte,0.07068045437335968,0.5965904593467712,0.014133152551949024,0.8515145778656006,0.06044512987136841,2.0389578342437744,0.1953316181898117,3.265922784805298
363,Fichte,0.038335010409355164,0.5081885457038879,0.017540793865919113,0.8793618679046631,0.07400871068239212,1.728236198425293,0.2500988841056824,2.8694357872009277
364,Fichte,0.03618963062763214,0.5320509076118469,0.015086671337485313,0.9222464561462402,0.04616807401180267,1.5181490182876587,0.23401129245758057,2.217912197113037
365,Fichte,0.07354873418807983,0.7223086953163147,0.014190839603543282,0.8991671800613403,0.05732760950922966,1.8864364624023438,0.21024809777736664,2.578591823577881
366,Fichte,0.09123389422893524,0.7836481928825378,0.014022464863955975,0.889808714389801,0.05494639277458191,2.0000243186950684,0.20380741357803345,2.7181615829467773
367,Fichte,0.06481151282787323,0.6274453401565552,0.014563309960067272,0.9042329788208008,0.050828367471694946,1.7815709114074707,0.21634314954280853,2.5016891956329346
368,Fichte,0.11785789579153061,0.7730644941329956,0.014150546863675117,0.8908476829528809,0.059521593153476715,1.9760684967041016,0.20577087998390198,2.7027955055236816
369,Fichte,0.07401084899902344,0.7078245878219604,0.013777467422187328,0.900475800037384,0.05596764013171196,1.8740957975387573,0.2038663923740387,2.5591042041778564
370,Fichte,0.09040519595146179,0.7015231251716614,0.0141739621758461,0.8966937065124512,0.05963616818189621,1.8929898738861084,0.20807144045829773,2.615842819213867
371,Fichte,0.05940588563680649,0.7551458477973938,0.018633300438523293,0.8686814904212952,0.08177284896373749,1.9677835702896118,0.26475903391838074,3.0223844051361084
372,Fichte,0.06099187582731247,0.7472088932991028,0.013857844285666943,0.8512812852859497,0.06265068054199219,2.0469276905059814,0.19326260685920715,3.269120454788208
373,Fichte,0.06352873891592026,0.5817157626152039,0.014939216896891594,0.8869404792785645,0.06363306939601898,1.9062163829803467,0.21425510942935944,2.76011061668396
374,Fichte,0.0842597708106041,0.7360479831695557,0.014544717036187649,0.7928629517555237,0.0764094740152359,2.270681142807007,0.2020946592092514,4.078245162963867
375,Fichte,0.08275755494832993,0.6924601793289185,0.022413402795791626,0.8387157917022705,0.11377982795238495,2.0884249210357666,0.31061238050460815,3.443326473236084
376,Kiefer,0.0495615117251873,0.6082677245140076,0.010252502746880054,0.9382535815238953,0.050342950969934464,1.646396279335022,0.17190955579280853,1.9516805410385132
377,Kiefer,0.046625398099422455,0.6723858118057251,0.009807098656892776,0.9393556714057922,0.04426947236061096,1.6355869770050049,0.16650311648845673,1.9325686693191528
378,Kiefer,0.057975608855485916,0.6287088990211487,0.010550959035754204,0.9420520067214966,0.041945941746234894,1.5816175937652588,0.18160545825958252,1.8838534355163574
379,Kiefer,0.07391133159399033,0.6383211612701416,0.010773756541311741,0.9435464143753052,0.048498671501874924,1.5752273797988892,0.1874440759420395,1.85654878616333
380,Kiefer,0.04810062795877457,0.6164807081222534,0.010292205959558487,0.9429283738136292,0.04668048024177551,1.57732355594635,0.17732256650924683,1.8683876991271973
381,Kiefer,0.05867903307080269,0.6998018026351929,0.010232187807559967,0.9411668181419373,0.041268136352300644,1.616258144378662,0.17623178660869598,1.899909257888794
382,Kiefer,0.09214338660240173,0.7566245198249817,0.011228459887206554,0.9293439984321594,0.057355061173439026,1.7484996318817139,0.18397705256938934,2.1031785011291504
383,Kiefer,0.11885453760623932,0.8137868046760559,0.013449477031826973,0.9226719737052917,0.06702188402414322,1.8119803667068481,0.214610293507576,2.211577892303467
384,Kiefer,0.05473118647933006,0.7245063185691833,0.010991182178258896,0.9316388964653015,0.042350634932518005,1.7315669059753418,0.18053701519966125,2.0648462772369385
385,Kiefer,0.0510382279753685,0.7630138397216797,0.01021696999669075,0.9313172101974487,0.04501454904675484,1.7170310020446777,0.16694524884223938,2.070957660675049
386,Kiefer,0.041836608201265335,0.5424440503120422,0.013628019951283932,0.9274674654006958,0.048803433775901794,1.6697278022766113,0.21752148866653442,2.132934093475342
387,Kiefer,0.054133955389261246,0.6007533669471741,0.01383290346711874,0.92520672082901,0.05069877207279205,1.6828911304473877,0.22002090513706207,2.170048713684082
388,Kiefer,0.056457266211509705,0.6177839040756226,0.01608954928815365,0.9116902947425842,0.11223132908344269,1.788791537284851,0.24689136445522308,2.3849997520446777
389,Kiefer,0.04748428612947464,0.5156962871551514,0.013858308084309101,0.9300720691680908,0.058961931616067886,1.6088955402374268,0.2232671082019806,2.0891499519348145
390,Kiefer,0.04561195522546768,0.5670760273933411,0.013267934322357178,0.9260526895523071,0.04870607703924179,1.6878679990768433,0.21098633110523224,2.156658887863159
391,Kiefer,0.044814758002758026,0.5768604278564453,0.013585341162979603,0.9265263080596924,0.04647265747189522,1.6626065969467163,0.21697558462619781,2.1484920978546143
392,Kiefer,0.043868083506822586,0.6067014932632446,0.013132906518876553,0.9253042936325073,0.04832520708441734,1.6763975620269775,0.20852158963680267,2.169067144393921
393,Kiefer,0.046340715140104294,0.5184566974639893,0.013968697749078274,0.929793655872345,0.057292308658361435,1.594851016998291,0.22397759556770325,2.093832492828369
394,Kiefer,0.05290451645851135,0.5743723511695862,0.013403504155576229,0.9248752593994141,0.04909658432006836,1.7043946981430054,0.211898535490036,2.175987482070923
395,Kiefer,0.048119787126779556,0.5740582942962646,0.013463493436574936,0.927384078502655,0.05091215670108795,1.6456809043884277,0.21540269255638123,2.134406089782715
396,Kiefer,0.052917446941137314,0.60088711977005,0.01349734142422676,0.9239717721939087,0.04825388267636299,1.7004437446594238,0.21332360804080963,2.1906726360321045
397,Kiefer,0.05253072828054428,0.5346755981445312,0.014720260165631771,0.927549421787262,0.06299710273742676,1.6133226156234741,0.23549523949623108,2.130544424057007
398,Kiefer,0.06491082161664963,0.616347074508667,0.013199793174862862,0.9179859757423401,0.06780935823917389,1.7231662273406982,0.20498448610305786,2.2876367568969727
399,Kiefer,0.053363919258117676,0.589153528213501,0.013945374637842178,0.9255906343460083,0.049046874046325684,1.6699553728103638,0.22155354917049408,2.163700819015503
400,Kiefer,0.06023493409156799,0.4642494022846222,0.016059167683124542,0.9232906103134155,0.07175453752279282,1.6375151872634888,0.2509782910346985,2.1999194622039795
401,Kiefer,0.07233194261789322,0.49344882369041443,0.01572313718497753,0.9243807196617126,0.0824400931596756,1.6102452278137207,0.24716195464134216,2.1822879314422607
402,Kiefer,0.06967171281576157,0.5549816489219666,0.014442360028624535,0.9198310971260071,0.0678718090057373,1.6679638624191284,0.22415387630462646,2.2573020458221436
403,Kiefer,0.10924430191516876,0.6062543392181396,0.015251755714416504,0.9118214845657349,0.09314535558223724,1.771742343902588,0.23282761871814728,2.3836958408355713
404,Kiefer,0.08553026616573334,0.5190950036048889,0.01614452712237835,0.9225136637687683,0.1095142662525177,1.6606073379516602,0.25436165928840637,2.2122278213500977
405,Kiefer,0.08351606130599976,0.5893462896347046,0.01659455895423889,0.9151520133018494,0.08851999789476395,1.7422723770141602,0.25494271516799927,2.3303353786468506
406,Kiefer,0.07208895683288574,0.5777896046638489,0.014399216510355473,0.9198439121246338,0.07919878512620926,1.6971575021743774,0.22435788810253143,2.2570207118988037
407,Kiefer,0.0856025367975235,0.6372451186180115,0.017242981120944023,0.9142502546310425,0.07656942307949066,1.766784906387329,0.2662245035171509,2.343820333480835
408,Kiefer,0.049214597791433334,0.5526111721992493,0.01388552039861679,0.9230138063430786,0.053992900997400284,1.6703482866287231,0.21683168411254883,2.2062363624572754
409,Kiefer,0.04449199512600899,0.6305475234985352,0.010151484981179237,0.9392303824424744,0.04350300505757332,1.6335926055908203,0.17192181944847107,1.9345015287399292
410,Kiefer,0.0492357462644577,0.6113554239273071,0.013664085417985916,0.9265211820602417,0.04991108924150467,1.6702213287353516,0.21866227686405182,2.1484463214874268
411,Kiefer,0.05822493135929108,0.5643723607063293,0.014279435388743877,0.9260402321815491,0.05717524513602257,1.6514098644256592,0.22726984322071075,2.1559500694274902
412,Kiefer,0.08912911266088486,0.5586456656455994,0.014597587287425995,0.9223917722702026,0.08367210626602173,1.6589717864990234,0.22811920940876007,2.215761184692383
413,Kiefer,0.0819314494729042,0.5652841925621033,0.014746875502169132,0.9233610033988953,0.07048042863607407,1.6674721240997314,0.23175175487995148,2.1997339725494385
414,Kiefer,0.077720507979393,0.6320343017578125,0.016491500660777092,0.9171791672706604,0.06863417476415634,1.7436542510986328,0.25555741786956787,2.2980222702026367
415,Kiefer,0.06305412948131561,0.5941511988639832,0.013968588784337044,0.920219361782074,0.06085784733295441,1.7177391052246094,0.21715188026428223,2.2513821125030518
416,Kiefer,0.06751259416341782,0.6299728751182556,0.01412615180015564,0.9156948924064636,0.07948223501443863,1.7607518434524536,0.2174791693687439,2.323514223098755
417,Kiefer,0.06732171773910522,0.5766677856445312,0.014127351343631744,0.9234835505485535,0.058090940117836,1.6970417499542236,0.22236014902591705,2.1982147693634033
418,Kiefer,0.07150883227586746,0.6655674576759338,0.015003222040832043,0.9182791113853455,0.0768517330288887,1.7461826801300049,0.23412442207336426,2.281524896621704
419,Kiefer,0.057849984616041183,0.5427005887031555,0.009975872002542019,0.9451519846916199,0.0711146891117096,1.5464274883270264,0.17361675202846527,1.828376054763794
420,Kiefer,0.06190512701869011,0.6139531135559082,0.009965664707124233,0.9460486769676208,0.06159694492816925,1.5480154752731323,0.17485520243644714,1.8117573261260986
421,Kiefer,0.053745467215776443,0.6036810874938965,0.009875946678221226,0.9439466595649719,0.056173570454120636,1.5570120811462402,0.17133070528507233,1.850359320640564
422,Kiefer,0.09605582803487778,0.7302866578102112,0.012363352812826633,0.9303898811340332,0.09730672836303711,1.6893960237503052,0.2047855705022812,2.0844695568084717
423,Kiefer,0.05462043732404709,0.6006091237068176,0.010374217294156551,0.9414030909538269,0.05491345748305321,1.6147972345352173,0.177942156791687,1.8956669569015503
424,Laerche,0.04414013400673866,0.5038532018661499,0.015027329325675964,0.9418235421180725,0.06133941933512688,1.4220050573349,0.25556302070617676,1.882951259613037
425,Laerche,0.05310993269085884,0.5415051579475403,0.01463278103619814,0.9386733770370483,0.04677629843354225,1.4655896425247192,0.24525129795074463,1.9397653341293335
426,Laerche,0.06372631341218948,0.5201008915901184,0.014876293018460274,0.9366585612297058,0.05097448453307152,1.474949598312378,0.24638450145721436,1.975050687789917
427,Laerche,0.05308164656162262,0.485629141330719,0.014567913487553596,0.9384030103683472,0.0740794762969017,1.4517948627471924,0.24168650805950165,1.9450337886810303
428,Laerche,0.042796164751052856,0.4994925260543823,0.015662144869565964,0.9354539513587952,0.07022284716367722,1.4953057765960693,0.2596156895160675,1.9948980808258057
429,Laerche,0.032619658857584,0.5777942538261414,0.014343388378620148,0.9302441477775574,0.046790383756160736,1.559300422668457,0.2319822907447815,2.085677146911621
430,Laerche,0.05027396231889725,0.49005934596061707,0.01713167503476143,0.9316437244415283,0.06423065811395645,1.4999265670776367,0.27241992950439453,2.0600945949554443
431,Laerche,0.04494400694966316,0.5044373869895935,0.015360776335000992,0.9341259002685547,0.04927613586187363,1.4886842966079712,0.2518983781337738,2.0184662342071533
432,Laerche,0.03822677955031395,0.4568565785884857,0.0156732015311718,0.9402347803115845,0.05199798569083214,1.4173346757888794,0.26237791776657104,1.9110417366027832
433,Laerche,0.03564760833978653,0.4300383925437927,0.015934094786643982,0.9367495775222778,0.05965152010321617,1.464704990386963,0.26076647639274597,1.9727402925491333
434,Laerche,0.05672360584139824,0.5002831220626831,0.015230894088745117,0.925688624382019,0.07207436114549637,1.5661242008209229,0.24094004929065704,2.161149024963379
435,Laerche,0.04210730642080307,0.5717217922210693,0.014449773356318474,0.926462709903717,0.04752624034881592,1.5769524574279785,0.22998015582561493,2.1488938331604004
436,Laerche,0.03527507930994034,0.4142974317073822,0.016263294965028763,0.9392794966697693,0.061396777629852295,1.4157280921936035,0.26716697216033936,1.9278903007507324
437,Laerche,0.03512880951166153,0.49018940329551697,0.015046519227325916,0.9323838949203491,0.056727536022663116,1.5054292678833008,0.24363547563552856,2.0489110946655273
438,Laerche,0.044743768870830536,0.5720125436782837,0.014667089097201824,0.9227261543273926,0.05420435965061188,1.6104614734649658,0.230209082365036,2.2101848125457764
439,Laerche,0.04447542130947113,0.5617886185646057,0.014422575943171978,0.9287604689598083,0.05015904828906059,1.5595741271972656,0.23164477944374084,2.1106197834014893
440,Laerche,0.04825275391340256,0.522358238697052,0.01537581067532301,0.9278370141983032,0.05344013124704361,1.579178810119629,0.24542567133903503,2.1252458095550537
441,Laerche,0.05378197133541107,0.592113733291626,0.014442144893109798,0.9199998378753662,0.05537555739283562,1.6813350915908813,0.2246524840593338,2.2545387744903564
442,Laerche,0.04305044189095497,0.4329250454902649,0.01696108467876911,0.9324381947517395,0.09404254704713821,1.474086046218872,0.2693479359149933,2.0466439723968506
443,Laerche,0.046221837401390076,0.46841058135032654,0.015317138284444809,0.9327630996704102,0.06316520273685455,1.4922409057617188,0.24629701673984528,2.042426109313965
444,Laerche,0.03759976476430893,0.40231022238731384,0.016574136912822723,0.9407567381858826,0.06303200870752335,1.4037185907363892,0.27388742566108704,1.901132583618164
445,Laerche,0.039159562438726425,0.49232417345046997,0.015369619242846966,0.9322206377983093,0.05665748938918114,1.5025973320007324,0.24837131798267365,2.0514047145843506
446,Laerche,0.049246031790971756,0.4668634831905365,0.015445046126842499,0.9325408935546875,0.0630335882306099,1.4970338344573975,0.24817010760307312,2.046095609664917
447,Laerche,0.04182469844818115,0.427237868309021,0.016630876809358597,0.9258224964141846,0.10542560368776321,1.5508737564086914,0.2618134319782257,2.157801628112793
448,Laerche,0.03969380259513855,0.3368687927722931,0.019765611737966537,0.9378419518470764,0.08154076337814331,1.3578904867172241,0.45817962288856506,1.949642300605774
449,Laerche,0.04674158990383148,0.3747304081916809,0.01788472570478916,0.9280052781105042,0.06417341530323029,1.4828243255615234,0.2779248058795929,2.121006488800049
450,Laerche,0.030984768643975258,0.3717268705368042,0.017335398122668266,0.9281949400901794,0.07811908423900604,1.5071693658828735,0.26903456449508667,2.118387460708618
451,Laerche,0.05260768160223961,0.44365641474723816,0.016649281606078148,0.9233564138412476,0.1014862209558487,1.5783952474594116,0.2608315050601959,2.198258638381958
452,Laerche,0.027729855850338936,0.39061814546585083,0.016834735870361328,0.9293593764305115,0.06481213867664337,1.4710407257080078,0.2632407248020172,2.0991897583007812
453,Laerche,0.05432151257991791,0.4003453850746155,0.016723355278372765,0.931852400302887,0.07954195886850357,1.4444783926010132,0.26385942101478577,2.0571184158325195
454,Laerche,0.05606920272111893,0.41142553091049194,0.01652595028281212,0.9295918941497803,0.10577749460935593,1.4842188358306885,0.26047247648239136,2.095402956008911
455,Laerche,0.04941221699118614,0.3635753095149994,0.018510393798351288,0.9305259585380554,0.08041123300790787,1.4502921104431152,0.2891276180744171,2.0779356956481934
456,Laerche,0.037311114370822906,0.3956858515739441,0.016762791201472282,0.92707359790802,0.0635787695646286,1.5055783987045288,0.2596071660518646,2.1376030445098877
457,Laerche,0.043831005692481995,0.4528087079524994,0.016000961884856224,0.943507194519043,0.056034814566373825,1.3697657585144043,0.27162814140319824,1.8513907194137573
458,Laerche,0.05011001601815224,0.47067737579345703,0.01540897786617279,0.9300077557563782,0.05621522665023804,1.4996594190597534,0.24539683759212494,2.0891332626342773
459,Laerche,0.06895361840724945,0.6112657785415649,0.014272059313952923,0.9214144945144653,0.048978377133607864,1.6364527940750122,0.22302277386188507,2.2318084239959717
460,Laerche,0.03210807964205742,0.3435494899749756,0.018385786563158035,0.9348284602165222,0.06810842454433441,1.3927081823349,0.29012566804885864,2.0045413970947266
461,Laerche,0.062203049659729004,0.46131810545921326,0.01778475195169449,0.9200819730758667,0.13085810840129852,1.621025800704956,0.2785889804363251,2.250148296356201
462,Laerche,0.04057678207755089,0.45610150694847107,0.01612797938287258,0.9150588512420654,0.08300566673278809,1.6855543851852417,0.24365773797035217,2.3326363563537598
463,Laerche,0.04930474981665611,0.40358567237854004,0.018102215602993965,0.9264559149742126,0.07486040890216827,1.5043001174926758,0.2830207645893097,2.1461498737335205
464,Laerche,0.03135308250784874,0.45616579055786133,0.016070755198597908,0.9154583811759949,0.0661398246884346,1.6623039245605469,0.2433018833398819,2.3263626098632812
465,Laerche,0.032141633331775665,0.4349958002567291,0.01653025485575199,0.9217967987060547,0.06989379972219467,1.5862914323806763,0.2544291019439697,2.22428560256958
466,Laerche,0.07157442718744278,0.5518128275871277,0.015833063051104546,0.9295417070388794,0.06501375883817673,1.5887173414230347,0.2580302357673645,2.0956578254699707
467,Laerche,0.049407459795475006,0.5646647214889526,0.015405372716486454,0.9292904138565063,0.04662676900625229,1.5810739994049072,0.2483469843864441,2.10064435005188
468,Laerche,0.042751431465148926,0.572072446346283,0.014445759356021881,0.932241678237915,0.049188777804374695,1.544270634651184,0.2353323996067047,2.051701307296753
469,Laerche,0.04581320658326149,0.515177309513092,0.014745243825018406,0.9347169995307922,0.052051953971385956,1.5131449699401855,0.2412545084953308,2.0090866088867188
470,Laerche,0.05657796561717987,0.4720144271850586,0.015467618592083454,0.9445316195487976,0.05460135266184807,1.3861886262893677,0.2652936577796936,1.8331307172775269
471,Laerche,0.04609208181500435,0.43442094326019287,0.016367675736546516,0.9443579912185669,0.05693269520998001,1.346359372138977,0.27892768383026123,1.8352594375610352
